3234,931,539,96,654,178,69,753,437,692,845
3242,312,822,955,254,762,38,378,28,36,705
3317,379,548,696,350,577,673,78,412,238,281
3318,224,726,360,98,798,766,957,704,817,280
3319,404,212,312,575,66,972,895,331,931,357
3320,611,734,1005,373,424,630,894,589,745,955
3321,775,340,677,234,409,492,185,737,973,553
3322,50,340,600,527,675,116,70,702,179,181
3323,465,813,156,546,119,187,277,868,966,561
3324,683,206,704,950,597,485,986,164,84,835
3325,277,647,111,556,698,898,383,801,762,283
3243,752,829,568,206,465,876,326,632,696,489
3326,932,72,526,159,557,769,79,578,409,687
3327,759,799,881,908,806,493,277,439,778,397
3328,956,894,231,563,958,551,844,401,475,277
3329,28,180,780,471,977,791,767,983,439,815
3330,938,434,848,870,917,155,733,295,406,355
3331,518,906,153,165,778,392,392,404,421,746
3332,260,729,55,178,924,566,794,218,912,341
3333,763,934,62,262,846,267,841,416,480,410
3334,988,368,705,981,445,980,594,271,789,330
3335,646,507,100,613,782,591,20,451,855,915
3244,17,946,244,910,785,293,857,358,455,617
3336,303,994,414,508,241,333,305,363,912,99
3337,676,881,306,541,377,513,280,155,1006,562
3338,895,540,131,71,12,935,324,194,170,808
3339,460,14,64,530,122,760,116,113,229,274
3340,848,716,486,664,599,704,549,292,845,423
3341,129,378,832,476,838,711,287,714,472,245
3342,820,961,252,445,107,438,661,708,671,427
3245,317,44,744,305,24,629,233,95,460,209
3462,584,953,323,60,124,818,656,690,969,876
3463,396,273,264,484,686,562,526,452,492,630
3464,522,784,239,131,708,827,214,770,374,322
3465,981,649,582,549,778,767,991,112,111,409
3466,662,665,625,781,180,336,391,97,556,59
3467,504,208,601,9,1006,691,658,85,269,418
3343,152,566,591,428,310,977,680,431,249,756
3344,981,96,680,20,383,761,468,890,53,163
3345,579,45,277,889,602,184,864,977,816,740
3346,809,59,259,924,89,588,227,75,440,931
3347,771,276,446,133,895,76,632,550,453,837
3348,303,195,902,703,523,934,587,252,521,56
3349,191,689,420,40,796,619,916,763,623,701
3350,744,459,229,535,233,78,185,428,425,134
3351,89,162,713,117,517,81,823,134,320,111
3246,50,413,251,393,28,964,309,79,943,409
3352,424,509,391,343,116,835,190,22,480,188
3353,240,811,37,904,84,215,649,609,326,862
3354,167,37,584,221,778,86,573,950,126,387
3355,953,752,946,44,801,438,990,841,48,579
3356,909,980,746,148,497,931,395,726,911,307
3357,554,702,422,714,109,938,273,638,738,163
3358,851,262,911,178,379,371,605,104,300,749
3359,699,314,321,214,116,696,774,139,954,291
3247,712,426,904,187,219,757,104,571,577,443
3360,167,270,854,384,243,152,804,365,217,435
3361,864,173,250,396,494,96,749,646,538,678
3362,898,877,354,540,668,784,15,195,512,917
3363,820,480,603,588,913,851,43,954,363,879
3364,750,721,787,982,987,996,980,981,16,772
3365,155,405,537,622,486,55,863,993,465,529
3366,904,154,635,426,614,200,623,949,948,637
3367,373,386,545,973,424,852,166,368,685,389
3368,519,42,675,437,814,635,732,845,959,272
3248,478,476,823,341,157,581,319,436,972,191
3369,458,164,907,100,55,736,749,897,796,381
3370,110,88,349,997,145,136,328,588,789,198
3371,527,839,815,202,236,688,680,457,886,48
3372,878,975,78,998,959,371,688,394,981,998
3373,148,333,35,769,830,162,871,619,479,279
3374,598,599,876,497,925,46,482,225,311,288
3375,679,174,260,60,288,832,634,808,721,576
3376,236,728,1002,976,1004,523,701,837,869,825
3377,224,623,855,289,815,580,278,461,750,900
3249,853,536,568,370,412,870,529,734,826,545
3378,998,496,586,930,947,380,170,895,395,992
3379,177,346,134,595,699,724,435,857,695,534
3380,839,234,222,520,336,278,30,74,908,346
3381,972,856,178,570,273,824,956,476,969,632
3382,453,258,340,229,627,876,808,557,366,427
3383,902,855,899,686,362,546,433,711,851,825
3384,39,381,879,778,912,183,281,606,618,679
3385,670,360,220,282,466,708,48,934,533,425
3250,988,118,776,117,424,749,660,934,291,354
3386,628,473,965,924,151,642,402,855,835,748
3387,1001,843,224,801,123,459,436,422,307,896
3388,436,549,285,14,597,418,148,618,35,90
3389,656,80,539,544,870,409,737,192,846,880
3390,195,986,637,844,802,379,296,183,689,639
3391,742,100,226,337,44,292,827,57,437,570
3392,608,781,641,309,948,951,13,783,494,297
3393,36,947,626,41,843,974,601,195,264,180
3251,824,89,169,429,760,215,41,635,116,880
3394,519,336,398,519,410,730,217,913,421,589
3395,438,412,281,438,520,32,409,110,132,1001
3396,30,570,639,871,816,369,897,993,12,152
3397,410,803,820,331,841,937,323,561,222,689
3398,80,845,737,673,758,145,140,355,198,38
3399,852,712,450,144,793,986,346,437,191,433
3400,747,481,428,226,434,481,224,252,18,451
3252,742,236,160,686,291,1005,248,466,713,152
3401,232,503,330,35,635,76,435,325,496,702
3402,61,924,561,819,822,802,71,707,436,340
3403,782,783,329,253,693,496,601,440,182,104
3404,902,985,426,14,621,349,477,167,598,502
3405,276,801,744,154,559,46,761,128,174,202
3406,730,289,704,240,499,72,721,845,802,404
3407,15,414,733,322,211,778,236,320,149,627
3408,543,533,58,201,378,542,579,526,688,831
3409,305,222,939,566,275,111,447,59,153,492
3253,676,76,556,665,110,907,957,549,945,60
3410,613,730,580,131,116,136,507,391,114,959
3411,340,150,780,469,686,997,202,904,806,969
3412,1002,985,851,433,504,750,960,881,708,281
3413,800,544,969,72,942,548,100,641,975,613
3414,969,932,19,430,939,923,732,278,571,524
3415,350,842,179,466,437,435,469,790,796,400
3416,368,523,860,1001,21,592,133,897,943,381
3417,386,537,602,952,485,318,147,85,972,418
3254,669,833,226,16,506,102,642,292,940,219
3418,411,537,671,761,603,106,985,676,477,346
3419,881,893,159,136,199,222,660,491,524,336
3420,306,516,167,961,426,277,721,374,713,557
3421,1006,278,35,113,984,918,40,605,289,725
3422,953,92,212,543,242,238,760,695,95,999
3423,577,151,40,536,610,898,569,774,554,406
3424,770,13,53,368,594,390,808,633,270,714
3255,16,191,957,382,75,798,442,574,142,938
3425,630,92,310,960,465,832,106,796,36,869
3426,485,766,535,392,886,869,499,344,784,701
3427,715,429,402,994,181,705,664,461,255,420
3428,384,819,665,730,766,860,24,316,252,213
3429,33,205,783,516,88,387,791,345,406,275
3256,423,44,305,889,991,449,386,786,831,562
3430,33,497,765,382,910,751,101,211,679,566
3431,976,610,355,654,588,757,699,958,305,488
3432,151,598,990,798,339,535,543,930,12,124
3433,385,892,1003,89,694,985,465,389,984,646
3434,450,826,708,107,403,737,761,351,983,760
3435,963,108,151,868,84,858,967,688,417,373
3436,679,658,647,700,321,49,649,128,841,181
3437,546,660,566,134,778,555,180,717,964,616
3438,568,446,212,1000,502,113,798,563,737,870
3439,685,237,236,786,790,199,925,573,636,537
3440,775,765,405,790,980,629,125,155,145,292
3257,439,217,935,687,543,531,450,741,549,981
3441,861,1002,521,766,621,118,279,593,114,814
3442,199,474,251,771,629,306,221,937,251,908
3443,572,64,710,353,227,548,399,814,789,616
3444,298,461,315,404,762,604,621,778,980,224
3258,449,581,9,720,214,282,46,845,330,121
3445,415,236,865,464,245,873,936,270,433,441
3446,56,672,437,252,674,761,365,366,608,283
3447,587,73,51,820,168,570,272,619,142,205
3448,486,487,894,113,349,623,157,336,448,640
3449,578,627,743,115,567,252,809,481,603,777
3450,649,111,615,864,12159,773,292,722,970,511
3259,231,400,521,406,538,171,793,792,331,835
3451,526,540,128,647,548,370,525,459,470,75
3452,329,822,914,172,980,858,728,868,811,478
3453,1006,261,402,774,461,692,322,307,938,491
3454,608,435,483,877,779,135,483,535,467,803
3455,981,966,198,981,561,390,234,163,78,852
3456,371,792,440,1006,337,955,144,670,220,343
3457,549,166,636,726,360,18,997,226,852,152
3235,157,687,120,416,445,588,169,666,403,452
3260,564,508,970,936,784,551,164,604,256,762
3458,338,493,296,824,981,839,1001,271,888,141
3459,723,934,459,745,440,543,730,998,537,565
3261,816,516,959,577,484,897,280,728,464,870
3460,872,922,156,891,99,998,377,144,160,330
3461,577,709,966,156,530,251,531,198,526,306
3262,585,805,987,767,805,453,675,877,166,654
3263,765,376,155,732,526,300,917,297,503,788
3264,477,576,974,433,802,437,523,105,315,894
3265,582,191,527,14,182,629,121,9,187,618
3266,545,472,464,924,661,40,726,407,794,248
3267,561,586,146,356,532,947,219,228,51,664
3268,424,74,954,123,95,804,24,125,23,454
3236,746,754,350,208,365,529,655,522,626,795
3269,829,205,456,513,987,464,315,679,305,251
3270,821,220,991,826,736,325,700,124,510,311
3271,347,736,703,101,397,440,499,216,881,980
3272,864,271,159,592,198,551,167,722,929,554
3273,292,282,972,780,358,544,41,111,99,331
3274,350,339,938,864,624,635,910,714,443,585
3275,607,529,565,472,108,184,774,898,953,639
3276,520,920,723,99,800,800,554,138,67,96
3277,872,865,74,867,917,389,313,205,675,348
3237,860,241,963,325,673,537,252,127,310,751
3278,953,231,689,218,392,799,465,260,138,921
3279,133,489,880,680,437,213,119,697,729,363
3280,83,835,261,388,307,1001,850,73,371,570
3281,787,313,644,754,348,135,947,635,37,27
3282,892,817,288,497,127,76,928,799,609,765
3283,952,527,774,829,261,206,585,334,793,348
3284,914,174,727,312,345,488,785,809,805,525
3238,601,718,921,38,558,181,926,29,572,938
3285,214,794,597,361,15,401,641,135,448,285
3286,734,211,394,251,979,596,761,525,765,66
3287,462,428,317,82,890,215,269,847,970,450
3288,279,201,71,314,817,961,522,254,16,926
3289,917,402,16,298,593,373,263,121,360,445
3290,552,783,946,237,44,914,972,644,588,769
3291,627,571,858,517,266,603,216,718,370,37
3292,66,776,681,661,338,636,992,1000,646,792
3293,734,876,99,154,479,35,181,562,819,365
3239,573,723,979,358,73,318,500,821,431,535
3294,283,917,655,41,905,779,382,383,188,104
3295,819,780,329,392,293,611,349,862,160,548
3296,190,454,883,229,567,951,337,1000,1002,80
3297,197,305,904,90,944,457,514,777,107,533
3298,181,375,211,693,258,872,476,490,80,393
3299,964,476,232,212,884,198,873,947,811,303
3300,794,550,98,438,37,519,912,664,479,206
3301,662,394,775,598,999,706,737,74,133,898
3240,818,898,219,803,674,469,988,939,701,17
3302,595,836,288,409,732,481,671,576,854,637
3303,640,491,300,841,743,776,735,926,402,669
3304,597,299,756,788,667,502,299,508,14,350
3305,794,642,301,600,710,656,661,418,516,210
3306,542,466,440,467,525,301,334,934,729,784
3241,662,546,686,517,477,188,837,935,842,465
3307,965,241,854,414,648,770,628,738,408,591
3308,966,693,873,788,500,109,647,962,282,408
3309,116,986,204,853,274,556,604,258,808,446
3310,377,570,410,200,280,882,939,780,398,205
3311,634,305,737,278,672,83,232,350,823,475
3312,387,676,289,976,50,232,798,397,468,175
3313,416,963,328,933,889,432,629,548,781,738
3314,548,323,552,300,528,512,704,700,687,882
3315,904,761,354,82,787,296,187,635,447,972
3316,800,768,534,614,689,46,727,207,931,259
1,174,333,562,492,418,870,103,537,574,352
2,668,296,392,196,710,322,684,78,890,899
3,905,372,332,75,622,602,953,919,360,548
4,320,737,313,318,109,760,361,735,492,764
5,262,352,358,274,539,485,41,107,129,770
6,879,678,989,467,483,198,505,843,831,808
7,495,840,783,567,606,385,722,829,445,343
8,945,318,772,524,117,758,42,161,173,475
9,416,34,121,259,526,202,198,680,566,834
10,741,361,937,710,575,669,207,839,990,1002
11,14,504,394,835,663,824,612,691,574,585
12,353,870,600,428,703,218,812,554,87,739
13,521,753,188,495,288,619,439,376,973,657
14,651,139,368,799,819,829,703,541,414,625
15,401,330,14,127,9,437,472,675,392,804
16,867,406,433,169,385,339,414,585,402,307
17,456,602,747,748,950,200,958,252,12159,41
18,81,666,437,386,521,288,828,248,855,980
19,799,208,369,762,200,871,258,628,731,528
20,787,441,714,216,428,979,820,219,692,390
21,449,49,97,659,149,75,707,831,720,109
22,819,980,526,333,998,360,568,67,541,163
23,761,719,628,17,977,557,417,223,414,737
24,978,664,899,177,867,810,145,467,659,202
25,938,919,913,77,728,827,105,980,191,119
26,365,529,70,876,51,1002,92,88,324,563
27,595,542,227,628,208,722,980,61,723,509
28,364,602,589,650,426,664,660,451,55,305
29,724,393,545,511,909,356,270,744,323,921
30,855,140,446,67,93,323,981,403,96,524
31,294,683,50,689,661,90,432,440,544,97
32,748,694,568,426,19,674,600,720,126,897
33,677,442,901,692,940,426,416,120,991,282
34,916,422,570,488,40,261,339,146,399,656
35,9,337,235,85,931,317,528,790,860,363
36,766,976,215,120,820,466,995,209,698,153
37,204,212,256,857,599,344,511,349,117,443
38,399,513,561,290,654,243,908,757,988,407
39,78,947,576,213,23,778,109,354,820,652
40,23,390,724,83,893,113,983,316,714,55
41,983,371,519,682,786,919,639,293,741,340
42,127,637,745,301,108,758,963,541,161,516
43,953,275,599,129,107,845,798,463,448,207
44,935,466,913,720,752,851,175,637,819,367
45,42,707,151,864,875,466,497,616,490,534
46,55,353,741,863,605,572,288,556,152,138
47,141,115,328,15,905,684,656,541,447,17
48,173,349,192,559,396,125,299,222,339,94
49,72,740,672,613,204,41,731,290,299,935
50,919,650,513,295,244,893,861,116,317,707
51,935,165,707,122,915,590,187,194,61,894
52,105,330,801,848,206,757,259,507,491,645
53,728,241,240,699,878,768,980,286,527,274
54,806,846,151,504,135,121,640,26,842,675
55,949,139,781,347,315,278,871,26,873,666
56,611,523,296,865,940,37,752,21,119,462
57,669,137,992,708,811,170,575,617,176,209
58,18,445,490,391,145,341,588,932,205,800
59,787,34,177,449,378,426,977,420,646,879
60,1000,267,166,248,186,58,554,342,281,774
61,412,238,781,220,252,842,715,63,392,434
62,446,12,306,227,358,110,253,483,875,483
63,750,727,354,332,984,445,544,125,735,370
64,532,473,855,418,608,369,490,764,864,312
65,898,185,888,149,552,850,665,519,721,204
66,489,839,663,118,972,668,394,305,570,919
67,748,480,485,669,383,884,126,189,922,878
68,823,551,528,108,585,790,458,284,210,226
69,898,949,474,130,705,431,510,647,781,404
70,86,689,260,794,46,392,954,796,597,729
71,139,850,594,873,802,475,591,284,279,971
72,744,644,449,739,554,885,530,518,394,319
73,758,923,164,543,32,118,264,261,785,803
74,42,461,677,159,136,261,361,557,698,140
75,463,212,856,194,920,337,172,49,824,561
76,900,984,721,276,963,319,209,499,263,231
77,371,318,34,615,236,529,851,469,558,223
78,533,127,425,107,925,887,690,13,700,56
79,537,144,529,390,119,397,392,413,1004,401
80,738,648,358,244,741,214,116,107,93,208
81,587,824,809,344,658,42,822,414,119,877
82,721,453,224,357,110,98,357,204,717,118
83,460,70,73,872,577,83,270,265,115,837
84,605,788,220,564,970,700,538,916,180,421
85,483,918,281,457,410,345,381,159,70,201
86,809,117,582,434,875,567,995,549,185,159
87,282,299,949,588,755,322,631,92,239,553
88,549,285,47,630,165,175,190,385,844,792
89,398,28,458,340,85,536,242,409,763,930
90,146,488,384,37,778,479,871,209,176,831
91,989,940,384,199,995,682,637,37,636,874
92,815,358,253,675,833,733,593,623,713,971
93,559,933,523,743,10,190,376,656,221,474
94,501,592,329,770,211,556,188,189,400,807
95,158,240,734,817,57,114,918,686,212,689
96,319,647,749,287,932,310,996,111,677,830
97,460,382,163,852,276,973,143,907,243,352
98,868,12159,279,912,168,249,169,286,150,482
99,254,849,980,881,175,934,562,440,822,812
100,400,782,306,17,453,933,438,617,967,363
101,57,990,122,772,946,841,112,145,501,514
102,405,217,591,329,796,929,717,596,689,254
103,89,577,696,888,510,824,473,615,373,853
104,827,855,984,816,462,322,132,846,440,717
105,876,99,47,970,925,45,663,671,195,307
106,582,582,893,581,56,868,756,168,601,609
107,768,332,473,828,525,410,821,330,163,839
108,766,439,14,281,146,812,391,614,444,840
109,91,123,391,148,492,497,842,273,219,100
110,54,919,673,709,893,748,417,493,473,684
111,569,115,44,82,1003,728,12160,312,196,379
112,385,935,964,660,952,940,739,192,90,950
113,688,562,693,767,206,263,603,857,337,276
114,257,544,712,646,218,454,97,635,200,898
115,273,276,763,248,662,697,374,607,523,562
116,108,777,514,389,356,983,721,311,650,532
117,417,995,443,498,181,112,319,806,152,417
118,289,789,944,270,125,899,462,423,345,366
119,779,350,568,125,604,865,193,434,190,932
120,503,554,554,526,588,771,278,231,315,355
121,96,369,973,813,576,354,236,985,870,377
122,347,656,338,38,664,961,593,708,154,57
123,742,879,847,538,990,587,134,809,773,861
124,55,67,805,510,205,112,260,138,313,341
125,521,873,106,708,588,554,304,154,24,901
126,55,682,407,125,284,682,371,28,174,725
127,941,564,737,259,921,176,800,644,329,149
128,18,844,40,206,956,782,523,961,31,979
129,889,803,989,820,21,403,958,261,324,511
130,695,894,232,876,32,715,567,986,220,150
131,282,68,387,446,909,517,664,91,241,926
132,373,507,443,345,756,963,241,231,430,424
133,603,493,149,279,456,27,275,973,27,687
134,137,387,565,810,697,803,607,869,516,464
135,827,893,564,38,498,39,18,628,580,978
136,487,589,579,328,459,531,550,777,362,653
137,382,821,106,571,173,899,843,728,765,193
138,484,231,637,603,876,746,1006,100,466,447
139,877,138,662,29,19,752,1003,982,190,563
140,60,928,292,615,769,331,432,773,477,777
141,354,837,381,696,673,397,390,334,588,172
142,557,237,348,736,76,583,480,309,223,334
143,313,788,129,23,738,228,166,1005,567,875
144,715,237,676,47,681,266,72,94,317,592
145,693,707,926,937,702,353,88,26,210,859
146,683,301,353,71,257,202,547,255,405,756
147,257,318,208,240,891,442,308,567,299,821
148,321,119,830,546,585,70,100,793,350,582
149,564,144,868,625,306,290,757,597,571,397
150,791,492,55,150,113,66,46,811,94,801
151,758,632,346,504,195,515,377,483,266,319
152,198,376,280,661,342,888,233,240,334,265
153,829,977,569,197,670,599,664,530,34,408
154,384,503,233,996,995,526,202,176,650,198
155,841,405,401,205,535,208,941,716,893,117
156,332,414,776,356,705,928,419,571,504,31
157,520,225,120,567,218,864,498,213,179,255
158,153,917,603,595,654,371,364,327,257,801
159,269,193,680,779,198,508,377,228,179,729
160,624,601,281,257,807,780,376,788,634,848
161,848,956,473,227,808,929,358,857,346,198
162,908,635,39,555,388,265,362,420,994,977
163,638,266,364,654,214,932,178,147,930,340
164,855,941,829,586,645,343,711,657,924,398
165,855,656,53,426,761,20,533,619,779,948
166,918,452,647,773,922,61,826,843,232,582
167,142,517,129,159,99,773,449,351,149,869
168,704,469,609,142,739,505,217,512,657,228
169,105,252,930,569,992,34,194,343,937,735
170,243,386,526,915,440,332,769,964,976,136
171,653,561,365,898,989,765,831,762,393,241
172,334,249,164,77,736,805,665,73,971,881
173,23,263,872,380,82,205,445,773,979,652
174,422,552,958,145,924,372,459,266,323,796
175,227,645,70,179,254,605,643,52,974,478
176,813,591,230,164,438,402,973,206,823,934
177,62,710,883,382,941,690,182,752,625,245
178,981,927,62,874,527,355,726,860,541,687
179,401,586,29,376,248,48,653,66,606,348
180,100,928,908,553,49,320,300,779,340,677
181,768,810,264,275,760,835,957,1003,616,388
182,947,876,341,703,279,146,92,212,502,299
183,527,67,758,373,888,914,809,330,55,761
184,354,247,748,42,983,825,699,710,283,825
185,927,404,438,104,682,988,611,837,396,358
186,49,134,446,906,972,363,657,704,35,702
187,683,759,469,866,616,360,876,143,980,863
188,875,840,417,293,938,111,176,673,269,941
189,552,694,629,671,742,528,849,367,63,135
190,106,379,613,59,351,438,174,149,689,214
191,652,753,785,303,834,673,615,634,839,881
192,950,1006,948,852,758,917,530,491,305,772
193,591,368,763,953,241,867,192,286,149,721
194,172,601,484,291,213,351,227,208,358,710
195,331,373,793,699,749,869,508,655,274,410
196,241,158,405,289,275,973,969,757,642,520
197,520,259,206,336,771,285,540,782,532,674
198,77,817,464,379,623,746,847,313,972,573
199,540,672,887,229,405,770,938,94,534,477
200,658,530,777,195,940,342,447,352,546,88
201,1004,231,447,940,458,617,72,735,677,950
202,863,727,395,875,37,503,110,126,605,343
203,999,414,337,886,189,213,263,157,229,888
204,372,277,55,276,80,921,211,497,1000,652
205,709,117,672,113,28,409,41,208,954,479
206,797,632,456,701,826,66,691,192,753,776
207,197,429,470,749,714,533,414,97,676,546
208,589,767,979,334,206,926,306,446,254,959
209,586,477,544,806,54,693,35,509,840,476
210,257,571,796,248,12,886,728,432,513,59
211,874,707,303,288,702,819,219,893,212,95
212,165,388,815,592,292,599,136,380,131,541
213,125,617,590,150,896,271,84,276,610,269
214,776,18,490,839,888,299,834,102,820,582
215,863,438,302,779,109,266,702,444,277,866
216,111,168,436,43,340,539,252,247,750,509
217,408,302,894,419,239,127,618,628,823,856
218,383,615,884,631,214,708,213,490,817,171
219,394,934,34,197,338,627,452,744,523,216
220,119,977,1003,874,416,498,989,223,790,690
221,467,497,609,205,771,775,25,821,605,120
222,833,657,478,637,522,521,49,577,108,558
223,141,864,227,243,595,369,490,604,862,835
224,830,850,457,94,932,368,437,99,205,316
225,846,516,38,784,43,236,853,426,100,562
226,312,953,1004,887,79,334,556,989,761,272
227,447,390,180,318,642,166,524,830,454,463
228,663,655,576,873,658,402,643,520,894,21
229,879,607,690,795,268,570,366,746,559,534
230,255,445,636,907,21,768,367,595,582,741
231,754,815,69,349,349,746,113,846,936,645
232,922,981,342,720,392,158,75,975,765,961
233,615,596,205,246,888,848,938,721,257,211
234,508,550,330,990,235,162,578,872,1001,259
235,516,401,754,549,844,860,289,493,557,305
236,407,90,573,246,536,325,674,279,185,539
237,474,75,512,143,837,677,943,289,750,20
238,624,139,961,117,271,1003,151,631,697,761
239,458,51,837,727,891,663,958,861,103,253
240,177,150,342,281,561,225,360,992,731,744
241,846,529,138,244,731,702,102,849,619,606
242,869,865,525,587,59,423,608,193,910,133
243,574,263,96,663,995,645,330,697,276,81
244,881,743,385,458,528,404,253,87,869,406
245,338,90,824,317,408,302,295,352,698,318
246,241,571,675,831,808,881,847,869,803,424
247,913,723,263,926,382,831,846,949,756,534
248,941,810,182,971,854,485,60,774,594,516
249,382,958,365,463,958,168,604,764,464,283
250,720,355,999,746,9,667,381,171,787,968
251,478,591,161,513,561,611,70,87,753,276
252,668,865,995,540,360,1000,896,27,19,768
253,460,353,894,642,160,27,737,924,846,174
254,153,577,907,143,489,502,707,234,950,996
255,616,19,294,241,185,536,138,754,779,988
256,803,717,843,179,76,565,557,604,506,285
257,702,583,740,950,151,103,198,425,55,590
258,320,248,729,896,971,505,339,598,39,277
259,765,747,23,987,337,739,58,824,310,887
260,566,194,764,319,273,575,456,950,773,73
261,465,847,388,979,44,752,533,147,623,362
262,472,615,250,524,853,313,210,525,158,486
263,572,267,532,624,879,539,828,81,60,965
264,386,944,348,826,499,120,831,58,790,385
265,175,958,364,16,873,968,604,752,30,393
266,500,12,534,248,324,466,522,507,167,34
267,322,799,709,540,801,536,179,994,966,927
268,595,775,842,479,295,348,762,245,843,237
269,325,72,578,126,378,600,760,415,530,112
270,275,204,887,613,507,254,483,643,772,228
271,31,895,47,962,210,861,527,891,265,734
272,200,838,909,367,563,958,702,272,477,680
273,453,224,297,594,855,661,27,669,619,789
274,897,182,504,843,698,777,653,998,72,266
275,488,655,310,27,98,931,94,650,191,126
276,173,688,776,873,641,948,249,973,456,18
277,794,807,644,920,906,316,728,117,947,628
278,228,274,51,618,278,879,210,903,49,865
279,1006,845,721,613,986,469,981,834,77,1001
280,907,186,469,168,634,371,621,340,432,709
281,24,400,975,243,825,133,40,202,285,69
282,642,481,786,103,249,781,642,732,515,352
283,746,157,948,762,633,354,279,109,246,573
284,933,219,984,1006,375,219,959,319,722,133
285,868,416,535,62,306,93,96,46,919,415
286,843,321,430,289,840,307,335,465,212,496
287,780,901,179,838,36,783,576,24,303,33
288,993,20,30,621,979,185,331,59,600,292
289,327,83,833,395,768,467,603,520,913,60
290,328,987,921,183,12,787,963,1004,361,71
291,682,765,101,245,136,175,512,117,484,743
292,753,37,12,527,652,537,948,420,518,684
293,781,799,507,410,678,312,749,420,690,857
294,342,19,59,987,732,103,702,179,571,847
295,145,720,927,810,443,463,782,444,453,386
296,463,61,336,378,488,616,602,46,547,171
297,910,503,788,288,395,276,792,992,608,948
298,545,306,874,449,307,568,437,398,222,396
299,944,428,353,794,112,366,577,337,809,364
300,798,444,777,711,857,352,395,22,477,100
301,176,463,449,671,447,466,962,377,908,832
302,322,986,346,194,498,681,481,323,880,771
303,648,363,929,508,209,654,920,74,100,214
304,268,391,757,446,789,479,716,599,544,784
305,431,572,118,956,392,342,451,249,276,264
306,671,499,153,697,847,282,638,305,807,207
307,177,274,403,339,105,114,649,632,788,183
308,521,966,323,874,733,207,256,966,271,51
309,163,529,1003,124,117,12159,159,698,438,872
310,810,318,939,326,672,555,990,900,985,199
311,317,876,68,991,119,271,933,947,76,172
312,12159,561,261,433,956,730,541,385,959,827
313,965,849,571,90,965,93,247,416,19,247
314,77,585,317,401,738,679,968,838,954,760
315,363,802,680,38,875,61,121,117,532,464
316,926,709,345,717,698,535,440,565,909,469
317,157,158,75,479,33,771,122,528,387,594
318,133,491,572,311,352,39,254,79,324,151
319,771,619,998,989,163,501,391,190,214,568
320,65,215,779,295,637,828,778,690,37,926
321,866,197,874,42,173,59,579,667,490,424
322,426,566,744,921,241,444,260,485,683,255
323,82,560,834,130,899,267,630,508,365,488
324,148,985,536,256,716,344,620,179,431,533
325,449,689,717,178,909,572,424,155,464,12160
326,33,655,229,506,419,440,699,803,620,76
327,990,99,430,619,577,372,990,589,635,437
328,556,586,368,594,62,623,668,86,363,16
329,170,577,452,61,463,441,103,990,427,122
330,766,641,353,203,201,524,993,259,463,964
331,926,545,549,646,459,498,792,751,645,169
332,852,391,76,895,288,887,837,400,456,986
333,39,732,847,679,846,508,870,258,256,315
334,217,578,1006,160,732,463,947,591,456,251
335,317,34,502,233,852,454,627,275,638,791
336,725,404,135,148,994,229,482,59,873,505
337,346,859,235,333,97,76,772,664,827,176
338,706,857,192,664,534,255,953,550,499,1001
339,848,341,672,21,126,219,471,958,708,355
340,149,780,853,167,751,835,669,580,898,808
341,260,423,857,162,538,100,963,205,713,582
342,176,591,467,936,598,768,349,370,542,559
343,486,398,961,496,151,862,313,248,859,116
344,156,826,582,185,594,893,798,934,254,756
345,106,521,704,225,645,207,519,504,164,951
346,65,404,850,255,285,732,892,134,466,845
347,62,968,403,53,566,665,265,298,933,900
348,398,663,116,740,300,252,549,961,118,981
349,887,593,507,241,424,876,222,76,320,913
350,991,65,182,459,443,716,23,395,757,112
351,123,718,413,128,884,928,958,760,991,814
352,113,249,977,93,163,692,420,829,873,605
353,273,431,520,499,339,735,12,898,753,346
354,311,875,704,663,297,846,323,344,919,287
355,803,79,32,905,680,725,884,402,64,793
356,633,533,411,657,346,821,828,225,712,369
357,792,980,636,705,439,892,357,914,726,726
358,722,219,326,452,976,415,263,438,714,394
359,197,550,24,247,283,539,691,127,326,807
360,270,52,395,335,253,172,602,98,130,443
361,678,659,354,24,562,662,304,144,218,377
362,643,565,905,42,677,259,762,291,126,273
363,816,994,972,17,282,642,823,276,291,543
364,739,655,849,827,329,153,528,892,236,289
365,408,489,985,815,523,192,880,117,798,415
366,631,340,126,34,449,593,868,573,370,421
367,34,537,862,381,226,223,827,893,212,699
368,225,974,724,830,423,269,169,52,572,681
369,514,645,316,280,765,795,889,197,635,720
370,603,770,451,146,478,725,516,248,286,362
371,69,394,294,516,706,785,986,111,928,198
372,503,471,11,539,946,101,505,604,206,155
373,516,441,987,609,931,905,247,847,34,808
374,753,319,857,147,399,573,312,538,369,65
375,590,808,254,762,654,92,912,970,757,879
376,938,231,487,593,321,630,144,917,711,387
377,823,341,616,383,217,749,471,945,484,103
378,902,761,683,653,289,954,34,923,548,338
379,315,700,816,391,981,23,803,313,525,245
380,762,648,366,1004,165,178,287,483,517,971
381,840,983,948,494,19,134,441,986,416,594
382,605,284,95,222,225,974,16,840,305,412
383,258,677,817,384,895,477,831,395,337,409
384,44,499,208,508,857,277,493,148,689,936
385,883,508,574,199,763,179,171,504,35,740
386,343,726,325,650,722,607,462,489,744,232
387,762,633,154,651,144,716,576,458,959,397
388,201,351,106,372,954,919,434,236,572,712
389,549,115,35,588,300,481,592,937,701,644
390,836,392,252,802,484,489,26,446,246,933
391,942,393,154,29,282,749,935,932,976,831
392,311,798,973,446,695,880,514,983,293,582
393,179,378,322,711,391,612,542,786,374,148
394,863,443,728,337,346,441,937,686,285,502
395,59,837,900,581,327,637,466,361,330,100
396,696,894,938,525,320,656,899,231,918,364
397,434,9,309,229,363,725,574,638,234,247
398,566,698,131,187,682,225,295,310,303,70
399,76,419,493,280,178,783,420,624,301,978
400,704,978,297,363,776,899,311,810,808,802
401,468,924,149,1004,226,353,768,873,337,936
402,366,200,871,599,911,889,422,15,681,60
403,1001,598,900,356,239,685,232,155,228,401
404,363,280,599,105,720,469,689,554,284,731
405,761,12160,907,866,552,114,220,775,915,305
406,894,62,962,239,93,129,788,361,66,546
407,624,843,955,19,965,317,677,587,605,734
408,485,388,451,748,962,62,445,44,942,69
409,777,995,955,389,527,506,1004,742,44,387
410,900,32,410,190,594,867,994,27,698,16
411,888,75,286,379,232,772,993,931,772,991
412,866,571,988,536,959,464,483,165,493,676
413,175,395,175,420,578,871,244,948,518,19
414,159,346,326,851,37,535,40,955,705,542
415,212,616,605,899,964,149,392,715,654,501
416,278,848,535,351,902,631,888,22,269,657
417,797,952,435,88,519,617,861,520,721,607
418,71,59,906,457,971,784,71,135,68,961
419,433,968,839,385,113,232,852,30,199,66
420,626,16,413,880,80,927,320,594,390,226
421,469,794,970,986,157,82,763,80,320,855
422,104,789,666,601,419,815,364,753,952,699
423,91,396,222,790,549,118,617,55,658,991
424,23,584,35,51,240,846,319,571,399,292
425,931,34,646,346,750,34,62,780,564,734
426,770,518,277,189,495,753,679,74,211,618
427,670,238,114,185,485,448,502,921,908,437
428,486,659,180,833,820,909,865,191,419,417
429,188,840,817,863,967,497,699,40,139,146
430,730,59,455,974,409,129,388,566,42,719
431,182,144,504,857,974,726,801,624,92,709
432,623,581,392,154,648,409,897,674,147,837
433,343,106,387,678,66,395,880,875,254,106
434,221,53,681,902,447,829,517,688,777,355
435,664,704,239,813,743,483,1006,798,1004,267
436,832,63,503,192,585,137,558,462,831,424
437,204,907,530,76,877,152,164,854,529,89
438,890,627,603,324,207,626,257,528,183,491
439,142,139,114,655,330,311,582,686,557,888
440,997,299,105,70,730,623,445,402,17,400
441,859,377,875,150,687,967,298,187,60,310
442,925,716,11,584,92,64,582,436,434,727
443,166,167,665,735,623,195,445,78,1006,905
444,477,320,128,993,582,882,729,212,439,685
445,218,254,357,79,825,111,74,115,281,754
446,742,553,414,797,710,435,647,632,54,210
447,105,584,267,546,32,231,980,389,351,903
448,254,591,770,824,723,835,287,751,464,99
449,363,224,327,262,1003,762,974,542,937,788
450,732,943,215,140,372,83,789,317,76,805
451,776,976,878,247,400,682,323,797,1004,770
452,201,167,334,730,423,679,241,698,453,615
453,645,252,973,21,581,501,617,209,744,586
454,405,955,558,934,663,269,602,238,324,847
455,720,423,831,66,480,310,114,801,594,765
456,306,188,689,573,75,153,211,305,106,593
457,550,567,746,979,494,989,12160,732,720,969
458,793,356,764,98,419,742,235,728,600,289
459,109,495,897,735,127,441,929,390,453,590
460,424,305,520,550,667,391,48,963,240,432
461,769,642,646,873,479,71,334,703,116,296
462,221,385,536,97,410,950,285,216,65,832
463,107,445,901,340,231,672,472,354,131,391
464,474,444,651,982,870,261,218,38,163,756
465,420,137,628,269,945,712,333,834,512,263
466,814,95,591,1003,842,977,100,606,855,460
467,351,924,415,827,580,437,58,841,860,242
468,985,545,228,17,83,955,648,876,587,219
469,265,29,639,174,786,322,245,372,186,856
470,751,647,845,72,459,606,961,402,523,690
471,819,865,677,842,936,566,434,691,718,765
472,127,739,214,785,554,614,204,572,20,50
473,176,866,954,567,972,51,961,559,93,504
474,935,37,975,404,819,454,424,214,599,325
475,1000,653,982,269,861,629,275,523,786,922
476,970,192,696,327,131,879,213,292,554,865
477,341,876,499,340,644,761,915,248,597,977
478,588,931,409,489,973,159,405,160,72,433
479,555,952,509,466,452,461,560,302,72,190
480,958,125,368,508,545,668,507,881,529,42
481,530,364,957,368,999,944,753,274,737,287
482,93,648,630,149,868,876,763,70,46,477
483,697,82,562,469,620,167,562,941,737,159
484,848,666,684,479,336,793,537,397,753,998
485,161,781,494,926,898,636,167,516,723,938
486,969,132,38,639,61,363,955,66,360,866
487,817,189,225,480,370,159,734,881,970,340
488,442,187,315,719,201,653,683,44,678,347
489,37,993,278,273,49,43,501,555,966,26
490,815,115,591,792,667,102,470,289,501,734
491,740,210,335,869,55,23,568,186,564,447
492,360,176,117,301,816,482,272,319,921,33
493,776,315,475,968,454,649,278,822,741,860
494,314,634,801,285,966,207,977,984,987,27
495,917,988,723,877,661,508,701,724,465,641
496,899,640,762,46,801,655,859,900,740,842
497,937,435,134,785,475,388,279,738,371,663
498,236,763,897,312,381,578,155,950,699,379
499,82,764,475,876,460,692,348,220,13,782
500,193,991,900,276,949,909,116,878,959,236
501,866,679,529,410,557,974,770,547,808,890
502,182,798,544,199,560,277,343,704,401,156
503,926,601,826,358,162,950,227,675,849,133
504,768,940,594,984,190,487,246,484,201,158
505,673,924,345,167,799,160,216,622,263,703
506,627,849,657,525,856,291,540,303,627,155
507,79,320,522,926,534,80,994,318,461,778
508,852,821,45,361,428,512,495,566,297,43
509,110,171,572,928,835,262,719,366,989,270
510,690,743,222,889,859,569,341,453,246,885
511,973,716,407,269,112,252,800,176,96,33
512,831,576,194,361,694,136,415,1005,951,574
513,214,375,511,219,935,880,559,923,94,633
514,144,613,39,294,712,896,70,991,567,817
515,422,296,737,352,947,608,845,528,571,288
516,843,329,588,719,315,450,345,740,509,152
517,28,854,300,236,81,46,129,248,13,365
518,403,26,441,70,348,384,368,914,618,854
519,136,763,999,221,924,275,430,494,232,907
520,469,361,585,944,515,18,979,881,127,124
521,966,520,776,257,769,247,200,325,176,977
522,785,346,385,139,50,370,688,995,174,806
523,638,759,837,324,853,719,233,513,698,793
524,158,736,806,383,789,12159,869,503,141,65
525,417,153,949,849,731,27,77,572,433,533
526,717,152,912,889,654,641,267,77,241,984
527,81,470,862,597,336,995,559,581,319,732
528,1001,980,200,581,623,502,845,265,115,77
529,632,619,77,611,90,818,827,204,695,332
530,479,216,809,552,888,590,28,679,201,109
531,677,375,25,365,15,430,446,512,330,389
532,695,14,98,438,361,106,470,40,236,830
533,32,427,550,755,783,335,836,169,710,332
534,496,198,977,120,583,132,146,49,542,730
535,424,675,697,347,221,513,451,676,980,811
536,146,796,769,97,875,400,452,601,898,206
537,87,490,317,441,269,351,886,276,902,776
538,678,530,84,206,216,97,983,252,12,936
539,73,413,801,9,304,96,771,822,395,768
540,466,122,479,815,511,157,39,880,247,330
541,139,489,126,655,858,884,435,911,708,468
542,743,293,723,353,190,535,131,745,623,347
543,435,790,476,615,919,103,272,802,536,419
544,316,684,179,205,671,368,403,941,182,691
545,863,783,485,383,469,167,864,879,305,762
546,332,824,980,586,261,230,785,303,60,732
547,109,180,835,291,71,999,205,215,190,640
548,452,919,83,544,527,269,845,954,921,57
549,485,276,303,152,433,603,528,209,710,318
550,116,40,567,763,702,332,921,831,337,90
551,719,622,364,541,667,143,271,655,482,968
552,799,922,489,464,110,140,249,832,576,93
553,422,825,305,975,566,197,956,314,349,294
554,889,554,989,722,532,297,856,413,887,502
555,69,733,612,320,202,923,510,331,434,240
556,924,309,382,423,534,752,823,585,321,244
557,129,523,557,86,704,652,132,497,300,657
558,901,680,522,821,106,365,490,191,215,169
559,665,474,693,79,724,564,12159,388,885,955
560,392,949,856,50,361,938,110,172,171,269
561,723,458,936,161,904,53,307,954,954,492
562,978,830,999,875,303,212,361,881,872,10
563,67,276,474,893,736,993,932,154,477,79
564,48,569,965,868,954,760,478,932,860,965
565,298,715,996,20,479,1002,433,194,421,97
566,371,244,728,403,146,954,537,328,705,274
567,577,170,666,380,697,551,924,963,22,987
568,279,449,332,359,918,484,233,425,859,105
569,83,467,17,615,181,257,166,193,872,897
570,229,451,232,831,849,217,196,199,467,781
571,441,785,367,733,648,633,961,796,857,825
572,655,501,669,946,668,691,940,889,908,740
573,281,855,391,837,868,706,617,884,476,914
574,505,846,816,402,708,354,696,382,322,692
575,62,668,283,82,551,186,267,778,482,170
576,446,929,12159,17,36,844,512,516,970,212
577,907,723,238,425,309,748,217,782,340,883
578,673,173,885,436,348,714,424,85,654,883
579,342,277,308,653,888,541,358,477,762,945
580,333,687,232,405,840,9,270,801,136,262
581,631,524,957,264,98,375,159,625,746,48
582,157,741,58,492,378,328,364,642,644,638
583,769,929,880,243,784,895,372,695,589,364
584,480,866,17,78,915,747,451,909,308,827
585,495,875,195,859,47,956,209,1004,290,37
586,537,296,240,353,272,558,330,918,13,570
587,241,920,277,846,654,238,149,900,120,722
588,71,876,766,29,71,209,753,726,817,935
589,781,615,58,817,644,691,479,763,193,1005
590,803,809,330,645,182,418,185,763,308,12160
591,593,694,613,557,734,684,160,947,610,1000
592,459,35,905,438,983,767,797,986,564,999
593,943,370,310,587,297,854,760,104,902,716
594,450,305,18,523,970,323,962,387,710,606
595,817,337,574,527,984,872,296,362,216,402
596,496,977,722,710,786,998,799,607,824,473
597,791,111,952,228,760,799,16,474,91,273
598,867,553,418,480,453,719,822,523,873,232
599,776,419,31,56,667,820,809,881,562,127
600,719,495,621,202,42,817,876,329,990,784
601,290,446,97,563,243,834,713,983,623,1003
602,550,650,79,745,419,892,997,395,589,505
603,894,570,453,126,613,680,275,489,527,1003
604,751,363,541,598,897,212,606,308,447,816
605,512,903,602,986,896,660,392,104,523,138
606,54,804,80,704,136,798,237,592,197,546
607,763,15,808,301,598,727,778,890,746,183
608,923,307,618,900,242,21,294,97,818,788
609,609,84,81,280,853,173,317,364,148,109
610,685,512,407,414,949,340,553,890,273,323
611,695,700,430,759,27,984,219,986,526,455
612,870,808,993,957,151,40,103,479,803,529
613,647,542,449,662,344,319,900,113,578,440
614,363,348,284,895,1002,23,638,752,404,556
615,708,635,746,191,12,256,351,656,176,981
616,518,375,316,675,419,965,136,746,494,900
617,543,635,375,444,568,302,572,737,535,536
618,879,576,252,905,376,391,577,169,87,934
619,968,257,189,496,379,678,887,695,664,947
620,106,950,731,551,455,910,681,808,373,29
621,201,826,466,498,724,607,115,868,140,164
622,26,624,286,584,962,612,699,796,687,771
623,520,223,744,359,711,536,967,970,416,866
624,445,18,154,531,178,709,219,653,878,694
625,822,168,674,420,817,382,774,340,859,727
626,912,118,257,242,462,665,384,753,561,513
627,278,552,498,966,191,131,24,782,664,315
628,912,276,112,685,965,233,982,798,79,660
629,897,18,382,823,371,424,914,974,112,341
630,913,943,131,312,52,716,385,641,29,303
631,366,393,577,466,37,695,725,652,783,278
632,975,832,474,206,75,481,461,671,809,191
633,302,230,967,756,279,257,778,945,962,909
634,97,576,480,190,599,185,945,178,321,142
635,264,902,167,300,579,426,651,33,456,1001
636,569,778,267,138,500,476,686,970,594,128
637,286,581,717,357,498,134,633,361,812,384
638,191,387,230,430,611,817,159,1005,372,294
639,272,615,415,441,110,678,844,779,575,143
640,898,389,296,384,1003,83,713,463,615,106
641,643,198,553,307,658,776,850,487,331,634
642,695,820,254,921,328,174,366,95,343,247
643,976,534,57,466,518,103,381,408,109,144
644,931,358,755,927,370,227,527,817,228,892
645,117,182,1005,315,84,993,886,851,970,512
646,610,498,411,157,1005,629,110,571,117,413
647,859,600,55,509,704,921,306,210,282,247
648,293,310,940,598,806,294,462,717,878,363
649,80,423,180,378,462,962,382,723,557,576
650,859,933,721,50,713,91,677,386,380,721
651,971,521,620,596,905,165,705,534,497,448
652,881,803,344,751,187,694,966,143,46,120
653,339,1002,34,317,254,697,635,909,371,13
654,766,905,487,590,14,590,768,842,69,174
655,63,255,253,288,384,615,123,758,482,651
656,291,848,354,688,850,350,241,853,563,990
657,882,153,411,979,76,353,732,364,847,447
658,405,544,252,769,164,35,601,471,603,288
659,848,188,338,367,538,834,678,785,805,889
660,520,470,702,435,248,708,440,593,449,519
661,707,763,645,914,178,144,874,354,534,924
662,445,882,922,865,221,245,998,300,989,553
663,266,915,549,878,688,668,350,195,947,106
664,434,847,961,613,936,657,915,827,600,296
665,588,910,705,334,572,774,234,133,495,491
666,629,48,194,515,650,418,154,899,817,564
667,232,865,155,615,53,861,158,540,778,985
668,514,53,449,994,319,753,838,996,579,852
669,611,402,34,111,258,739,121,480,857,276
670,839,99,764,316,408,709,71,947,567,924
671,982,445,92,19,684,805,453,281,768,413
672,354,64,191,174,52,575,626,533,115,989
673,492,983,338,757,357,721,133,685,215,282
674,982,165,641,383,12160,956,903,738,582,421
675,444,671,735,558,587,577,719,568,907,380
676,635,697,882,936,484,9,713,926,972,736
677,85,928,763,746,377,294,62,378,467,593
678,674,645,234,928,474,826,26,522,276,618
679,707,243,195,308,846,137,408,118,147,263
680,152,240,865,324,556,13,124,810,25,161
681,34,874,562,571,888,710,602,533,997,115
682,934,317,594,931,378,864,278,467,784,644
683,62,255,135,245,99,100,999,112,241,378
684,139,581,596,222,162,629,107,831,804,733
685,351,491,119,68,929,746,312,443,824,98
686,471,582,758,405,526,20,101,817,332,241
687,561,949,445,199,135,68,583,475,121,540
688,223,200,447,48,920,374,212,843,364,894
689,261,148,159,233,393,402,57,280,683,997
690,794,306,597,1005,409,772,915,265,660,348
691,125,446,377,890,40,629,529,474,491,60
692,397,142,969,572,633,776,26,231,878,192
693,761,497,971,569,734,260,167,762,549,314
694,842,758,761,628,694,72,521,166,244,536
695,281,931,223,158,952,599,383,693,952,957
696,580,912,1001,355,129,828,538,578,341,701
697,15,970,703,721,529,1006,875,694,209,931
698,557,17,777,164,956,645,84,958,539,948
699,103,869,557,852,704,756,50,284,714,67
700,646,464,359,389,381,170,386,138,522,20
701,582,784,363,414,857,538,905,409,282,19
702,92,394,550,199,320,566,512,936,957,241
703,876,993,540,735,229,915,587,391,807,871
704,510,132,268,612,414,957,430,312,770,592
705,163,182,906,336,437,407,896,279,566,330
706,568,634,700,619,974,162,806,339,307,506
707,216,786,686,904,190,48,325,972,823,282
708,250,969,333,86,64,584,985,480,711,759
709,698,259,111,334,498,187,436,637,745,477
710,279,1003,644,170,40,435,774,94,837,149
711,107,346,145,511,82,234,947,221,602,680
712,231,774,406,434,602,455,902,357,423,589
713,243,468,628,146,675,60,344,176,12160,46
714,35,579,746,663,838,596,204,522,374,693
715,494,309,827,547,88,93,192,901,789,478
716,410,360,701,418,345,508,361,531,923,645
717,380,908,431,885,806,492,50,215,549,490
718,549,312,399,157,129,413,374,161,97,766
719,223,42,571,554,187,320,575,285,741,982
720,42,177,617,208,640,821,879,597,150,900
721,390,579,215,736,775,450,171,629,435,216
722,941,747,476,201,34,47,698,318,668,790
723,826,528,795,590,508,566,506,707,407,527
724,888,769,210,390,938,324,652,893,826,503
725,876,80,501,339,809,485,149,85,796,623
726,255,720,631,899,338,729,1005,544,244,774
727,309,848,19,757,464,415,919,969,428,583
728,53,681,866,974,937,680,438,132,740,494
729,488,953,544,745,640,743,137,559,494,560
730,502,113,885,292,970,124,533,600,556,758
731,845,736,914,654,816,386,587,84,134,678
732,988,952,373,588,739,919,827,35,703,343
733,709,661,258,409,598,723,268,257,704,854
734,156,948,55,613,733,613,971,583,719,277
735,19,745,615,674,544,794,406,973,899,165
736,252,200,859,872,73,197,314,238,42,252
737,428,23,18,584,62,339,559,597,446,874
738,141,492,763,155,772,824,720,571,956,158
739,460,866,100,390,329,668,428,343,133,997
740,907,368,619,917,564,692,294,477,731,240
741,187,170,792,207,259,103,674,161,265,175
742,889,753,881,522,947,794,291,504,888,287
743,638,609,427,779,826,921,462,219,863,782
744,244,503,767,778,65,948,793,816,576,848
745,814,985,856,806,280,506,808,361,449,685
746,492,286,202,534,274,291,346,9,889,245
747,844,889,755,111,656,167,235,73,757,352
748,320,200,212,398,196,84,940,39,538,627
749,523,382,69,223,628,113,524,747,256,829
750,914,862,985,91,12159,66,419,837,408,855
751,844,432,408,576,887,1004,129,794,549,564
752,798,726,211,215,828,418,77,427,228,88
753,908,336,93,348,140,195,84,703,32,680
754,619,432,1005,720,977,870,1004,442,666,381
755,167,28,558,124,356,755,338,654,220,406
756,752,718,856,991,390,682,935,339,778,631
757,644,39,574,522,878,72,37,723,536,925
758,723,92,201,467,598,456,839,988,872,553
759,750,166,498,735,922,547,439,825,90,615
760,728,600,198,42,465,237,22,134,794,528
761,1004,740,86,292,986,923,676,674,389,98
762,659,776,953,887,412,653,423,694,891,527
763,144,385,842,667,451,424,677,815,386,882
764,427,124,271,152,661,825,950,219,296,855
765,265,55,782,704,839,601,158,88,668,231
766,471,917,378,60,409,825,939,794,520,557
